地區,排名,名稱,假名,得分,酒造地區,酒造名稱,價格,詳細頁面連結
niigata,1,あべ,あべ,4.35,新潟,阿部酒造,2145,https://www.saketime.jp/brands/4250/
niigata,2,荷札酒,にふだざけ,4.31,新潟,加茂錦酒造,1980,https://www.saketime.jp/brands/2450/
niigata,3,ゆきのまゆ,旧：醸す森,4.20,新潟,苗場酒造,1000,https://www.saketime.jp/brands/5909/
niigata,4,高千代,たかちよ,4.18,新潟,高千代酒造,1420,https://www.saketime.jp/brands/793/
niigata,5,雅楽代,うたしろ,4.16,新潟,天領盃酒造,1650,https://www.saketime.jp/brands/5496/
niigata,5,菱湖,りょうこ,4.16,新潟,峰乃白梅酒造,1485,https://www.saketime.jp/brands/5499/
niigata,7,村祐,むらゆう,4.12,新潟,村祐酒造,1540,https://www.saketime.jp/brands/760/
niigata,8,山間,やんま,4.07,新潟,新潟第一酒造,1800,https://www.saketime.jp/brands/796/
niigata,9,鶴齢,かくれい,4.00,新潟,青木酒造,1463,https://www.saketime.jp/brands/717/
niigata,10,〆張鶴,しめはりつる,3.97,新潟,宮尾酒造,1180,https://www.saketime.jp/brands/749/
niigata,11,久保田,くぼた,3.90,新潟,朝日酒造,1000,https://www.saketime.jp/brands/711/
niigata,12,菊水,きくすい,3.85,新潟,菊水酒造,1650,https://www.saketime.jp/brands/674/
niigata,13,至,いたる,3.84,新潟,逸見酒造,1128,https://www.saketime.jp/brands/4246/
niigata,14,八海山,はっかいさん,3.81,新潟,八海醸造,1039,https://www.saketime.jp/brands/727/
niigata,15,高龗,こうりゅう,3.80,新潟,高千代酒造,4980,https://www.saketime.jp/brands/7625/
niigata,15,FOMALHAUT,フォーマルハウト,3.80,新潟,阿部酒造,2420,https://www.saketime.jp/brands/4991/
niigata,17,麒麟山,きりんざん,3.77,新潟,麒麟山酒造,1100,https://www.saketime.jp/brands/673/
niigata,17,加茂錦,かもにしき,3.77,新潟,加茂錦酒造,2970,https://www.saketime.jp/brands/6297/
niigata,19,北雪,ほくせつ,3.75,新潟,北雪酒造,1210,https://www.saketime.jp/brands/750/
niigata,20,金鶴,きんつる,3.68,新潟,加藤酒造店,1100,https://www.saketime.jp/brands/751/
niigata,20,VEGA,ベガ,3.68,新潟,阿部酒造,2420,https://www.saketime.jp/brands/4932/
niigata,20,越路乃紅梅,こしじのこうばい,3.68,新潟,頚城酒造,1430,https://www.saketime.jp/brands/2461/
yamanashi,1,七賢,しちけん,4.05,山梨,山梨銘醸,1018,https://www.saketime.jp/brands/654/
yamanashi,2,旦（DAN）,だん,3.94,山梨,笹一酒造,1650,https://www.saketime.jp/brands/4200/
yamanashi,3,青煌,せいこう,3.47,山梨,武の井酒造,1540,https://www.saketime.jp/brands/667/
yamanashi,4,笹一,ささいち,3.43,山梨,笹一酒造,1320,https://www.saketime.jp/brands/660/
yamanashi,5,甲斐の開運,かいのかいうん,3.34,山梨,井出醸造店,1016,https://www.saketime.jp/brands/661/
yamanashi,6,春鶯囀,しゅんのうてん,3.26,山梨,萬屋醸造店,1145,https://www.saketime.jp/brands/659/
yamanashi,7,武の井,たけのい,3.15,山梨,武の井酒造,1650,https://www.saketime.jp/brands/652/
yamanashi,8,太冠,たいかん,3.14,山梨,太冠酒造,1537,https://www.saketime.jp/brands/650/
yamanashi,9,甲斐男山,かいおとこやま,3.08,山梨,八巻酒造店,1200,https://www.saketime.jp/brands/2588/
yamanashi,10,谷桜,たにざくら,3.07,山梨,谷櫻酒造,1337,https://www.saketime.jp/brands/653/
yamanashi,10,櫻守,さくらもり,3.07,山梨,谷櫻酒造,1350,https://www.saketime.jp/brands/4196/
yamanashi,10,興五右衛門,よごうえもん,3.07,山梨,井出醸造店,,https://www.saketime.jp/brands/4937/
yamanashi,13,六波,ろくは,3.06,山梨,養老酒造,,https://www.saketime.jp/brands/6358/
yamanashi,14,榊正宗,さかきまさむね,3.05,山梨,横内酒造店,,https://www.saketime.jp/brands/651/
yamanashi,15,風林火山,ふうりんかざん,3.04,山梨,太冠酒造,1320,https://www.saketime.jp/brands/4193/
yamanashi,15,猫芸者,ねこげいしゃ,3.04,山梨,笹一酒造,,https://www.saketime.jp/brands/6129/
yamanashi,15,鷹座巣,たかざす,3.04,山梨,萬屋醸造店,1420,https://www.saketime.jp/brands/2592/
yamanashi,18,福徳長,ふくとくちょう,3.03,山梨,福徳長酒類 韮崎工場,1067,https://www.saketime.jp/brands/662/
yamanashi,18,櫂,かい,3.03,山梨,養老酒造,,https://www.saketime.jp/brands/665/
yamanashi,18,甲州利右衛門,こうしゅうりうえもん,3.03,山梨,太冠酒造,4400,https://www.saketime.jp/brands/4194/
nagano,1,信州亀齢,しんしゅうきれい,4.51,長野,岡崎酒造,12500,https://www.saketime.jp/brands/4854/
nagano,2,ソガペールエフィス,ソガペール エ フィス,4.36,長野,小布施ワイナリー,3480,https://www.saketime.jp/brands/3402/
nagano,3,川中島 幻舞,かわなかじま げんぶ,4.35,長野,酒千蔵野,1705,https://www.saketime.jp/brands/3480/
nagano,4,亀の海,かめのうみ,4.34,長野,土屋酒造店,1078,https://www.saketime.jp/brands/850/
nagano,5,御湖鶴,みこつる,4.31,長野,諏訪御湖鶴酒造場,1540,https://www.saketime.jp/brands/913/
nagano,6,山三,やまさん,4.30,長野,山三酒造,1540,https://www.saketime.jp/brands/7386/
nagano,7,大信州,だいしんしゅう,4.24,長野,大信州酒造,1320,https://www.saketime.jp/brands/839/
nagano,8,十六代九郎右衛門,じゅうろくだいくろうえもん,4.16,長野,湯川酒造店,1738,https://www.saketime.jp/brands/954/
nagano,9,Beau Michelle,ボー・ミッシェル,4.15,長野,伴野酒造,1595,https://www.saketime.jp/brands/4916/
nagano,10,真澄,ますみ,4.04,長野,宮坂醸造,1320,https://www.saketime.jp/brands/833/
nagano,11,十九,じゅうく,3.99,長野,尾澤酒造場,1241,https://www.saketime.jp/brands/888/
nagano,12,大雪渓,だいせっけい,3.96,長野,大雪渓酒造,1265,https://www.saketime.jp/brands/841/
nagano,13,鼎,かなえ,3.95,長野,信州銘醸,1750,https://www.saketime.jp/brands/2637/
nagano,14,佐久乃花,さくのはな,3.92,長野,佐久の花酒造,1690,https://www.saketime.jp/brands/890/
nagano,15,夜明け前,よあけまえ,3.88,長野,小野酒造店,1595,https://www.saketime.jp/brands/863/
nagano,16,豊香,ほうか,3.82,長野,豊島屋,1540,https://www.saketime.jp/brands/920/
nagano,16,西之門,にしのもん,3.82,長野,よしのや,1980,https://www.saketime.jp/brands/2594/
nagano,18,甍,いらか,3.81,長野,甍酒蔵,2860,https://www.saketime.jp/brands/12624/
nagano,19,明鏡止水,めいきょうしすい,3.78,長野,大澤酒造,1375,https://www.saketime.jp/brands/856/
nagano,20,黒澤,くろさわ,3.77,長野,黒澤酒造,1140,https://www.saketime.jp/brands/897/
nagano,20,信濃鶴,しなのつる,3.77,長野,酒造長生社,1271,https://www.saketime.jp/brands/866/
ishikawa,1,吉田蔵u,よしだぐらゆー,4.20,石川,吉田酒造店,1870,https://www.saketime.jp/brands/4352/
ishikawa,2,手取川,てどりがわ,4.11,石川,吉田酒造店,1430,https://www.saketime.jp/brands/996/
ishikawa,3,菊姫,きくひめ,4.08,石川,菊姫,1100,https://www.saketime.jp/brands/997/
ishikawa,4,天狗舞,てんぐまい,4.05,石川,車多酒造,1210,https://www.saketime.jp/brands/990/
ishikawa,5,農口尚彦研究所,のぐちなおひこけんきゅうじょ,4.01,石川,農口尚彦研究所,2200,https://www.saketime.jp/brands/5002/
ishikawa,6,宗玄,そうげん,3.99,石川,宗玄酒造,1100,https://www.saketime.jp/brands/1014/
ishikawa,7,奥能登の白菊,おくのとのしらぎく,3.94,石川,白藤酒造店,2200,https://www.saketime.jp/brands/1009/
ishikawa,8,遊穂,ゆうほ,3.77,石川,御祖酒造,1430,https://www.saketime.jp/brands/1018/
ishikawa,9,竹葉,ちくは,3.73,石川,数馬酒造,1430,https://www.saketime.jp/brands/1008/
ishikawa,10,加賀鳶,かがとび,3.62,石川,福光屋,1257,https://www.saketime.jp/brands/995/
ishikawa,11,池月,いけづき,3.56,石川,鳥屋酒造,1109,https://www.saketime.jp/brands/1003/
ishikawa,12,谷泉,たにいずみ,3.54,石川,鶴野酒造店,1540,https://www.saketime.jp/brands/1021/
ishikawa,13,常きげん,じょうきげん,3.47,石川,鹿野酒造,1452,https://www.saketime.jp/brands/1001/
ishikawa,14,五凛,ごりん,3.43,石川,車多酒造,2650,https://www.saketime.jp/brands/1019/
ishikawa,15,獅子の里,ししのさと,3.40,石川,松浦酒造店,1925,https://www.saketime.jp/brands/1002/
ishikawa,16,福正宗,ふくまさむね,3.38,石川,福光屋,1059,https://www.saketime.jp/brands/994/
ishikawa,17,春心,はるごころ,3.36,石川,西出酒造,2150,https://www.saketime.jp/brands/4737/
ishikawa,17,萬歳楽,まんざいらく,3.36,石川,小堀酒造店,1500,https://www.saketime.jp/brands/1000/
ishikawa,19,神泉,しんせん,3.35,石川,東酒造,1375,https://www.saketime.jp/brands/1024/
ishikawa,19,観音下,かながそ,3.35,石川,農口尚彦研究所,1650,https://www.saketime.jp/brands/6413/
toyama,1,勝駒,かちこま,4.23,富山,清都酒造場,8300,https://www.saketime.jp/brands/967/
toyama,2,羽根屋,はねや,4.19,富山,富美菊酒造,1720,https://www.saketime.jp/brands/978/
toyama,3,満寿泉,ますいずみ,3.87,富山,枡田酒造店,1298,https://www.saketime.jp/brands/963/
toyama,3,林,はやし,3.87,富山,林酒造場,1903,https://www.saketime.jp/brands/4904/
toyama,5,千代鶴,ちよづる,3.69,富山,千代鶴酒造,,https://www.saketime.jp/brands/4997/
toyama,6,三笑楽,さんしょうらく,3.67,富山,三笑楽酒造,1088,https://www.saketime.jp/brands/971/
toyama,7,苗加屋,のうかや,3.57,富山,若鶴酒造,1580,https://www.saketime.jp/brands/983/
toyama,8,立山,たてやま,3.51,富山,立山酒造,1080,https://www.saketime.jp/brands/2527/
toyama,9,幻の瀧,まぼろしのたき,3.50,富山,皇国晴酒造,1046,https://www.saketime.jp/brands/964/
toyama,9,富美菊,ふみぎく,3.50,富山,富美菊酒造,1408,https://www.saketime.jp/brands/962/
toyama,11,黒部峡,くろべきょう,3.43,富山,林酒造場,1540,https://www.saketime.jp/brands/966/
toyama,12,有磯曙,ありいそあけぼの,3.41,富山,高澤酒造場,1760,https://www.saketime.jp/brands/2519/
toyama,13,玉旭,たまあさひ,3.39,富山,玉旭酒造,1100,https://www.saketime.jp/brands/984/
toyama,14,成政,なりまさ,3.33,富山,成政酒造,1100,https://www.saketime.jp/brands/974/
toyama,15,北洋,ほくよう,3.31,富山,魚津酒造,1100,https://www.saketime.jp/brands/965/
toyama,16,帆波,ほなみ,3.28,富山,魚津酒造,,https://www.saketime.jp/brands/7310/
toyama,17,よしのとも,よしのとも,3.26,富山,吉乃友酒造,1397,https://www.saketime.jp/brands/988/
toyama,17,曙,あけぼの,3.26,富山,高澤酒造場,1760,https://www.saketime.jp/brands/979/
toyama,19,銀盤,ぎんばん,3.25,富山,銀盤酒造,1320,https://www.saketime.jp/brands/968/
toyama,20,若鶴,わかつる,3.22,富山,若鶴酒造,1416,https://www.saketime.jp/brands/977/
toyama,20,IWA 5,いわ ふぁいぶ,3.22,富山,株式会社白岩,,https://www.saketime.jp/brands/5896/
fukui,1,黒龍,こくりゅう,4.11,福井,黒龍酒造,1430,https://www.saketime.jp/brands/1034/
fukui,2,梵,ぼん,4.03,福井,加藤吉平商店,1760,https://www.saketime.jp/brands/1041/
fukui,3,九頭龍,くずりゅう,3.95,福井,黒龍酒造,1485,https://www.saketime.jp/brands/3678/
fukui,4,花垣,はながき,3.90,福井,南部酒造場,1265,https://www.saketime.jp/brands/1037/
fukui,5,常山,じょうざん,3.89,福井,常山酒造,1500,https://www.saketime.jp/brands/1030/
fukui,6,永平寺白龍,えいへいじはくりゅう,3.80,福井,吉田酒造,1485,https://www.saketime.jp/brands/1052/
fukui,7,華燭,かしょく,3.78,福井,豊酒造,1100,https://www.saketime.jp/brands/1070/
fukui,8,早瀬浦,はやせうら,3.74,福井,三宅彦右衛門酒造,1540,https://www.saketime.jp/brands/1042/
fukui,9,白岳仙,はくがくせん,3.55,福井,安本酒造,1650,https://www.saketime.jp/brands/1048/
fukui,9,一本義,いっぽんぎ,3.55,福井,一本義久保本店,1078,https://www.saketime.jp/brands/1050/
fukui,11,越前岬,えちぜんみさき,3.47,福井,田辺酒造,1155,https://www.saketime.jp/brands/1064/
fukui,12,伝心,でんしん,3.46,福井,一本義久保本店,1457,https://www.saketime.jp/brands/1039/
fukui,13,舞美人,まいびじん,3.44,福井,美川酒造場,1430,https://www.saketime.jp/brands/1058/
fukui,14,一乃谷,いちのたに,3.43,福井,宇野酒造場,1397,https://www.saketime.jp/brands/1035/
fukui,15,雲乃井,くものい,3.38,福井,吉田金右衛門商店,1100,https://www.saketime.jp/brands/1031/
fukui,16,飛鳥井,あすかい,3.37,福井,丹生酒造,1100,https://www.saketime.jp/brands/1072/
fukui,17,紗利,さり,3.36,福井,毛利酒造,1815,https://www.saketime.jp/brands/3416/
fukui,18,福千歳,ふくちとせ,3.31,福井,田嶋酒造,1256,https://www.saketime.jp/brands/1029/
fukui,19,越の鷹,こしのたか,3.30,福井,伊藤酒造合資,1320,https://www.saketime.jp/brands/1062/
fukui,20,Dragon Water,ドラゴンウォーター,3.29,福井,吉田酒造,,https://www.saketime.jp/brands/6149/
osaka,1,秋鹿,あきしか,3.86,大阪,秋鹿酒造,1485,https://www.saketime.jp/brands/1520/
osaka,2,片野桜,かたのさくら,3.63,大阪,山野酒造,1430,https://www.saketime.jp/brands/1533/
osaka,3,呉春,ごしゅん,3.41,大阪,呉春,2020,https://www.saketime.jp/brands/1519/
osaka,4,奥鹿,おくしか,3.30,大阪,秋鹿酒造,2585,https://www.saketime.jp/brands/2867/
osaka,5,利休梅,りきゅうばい,3.26,大阪,大門酒造,1573,https://www.saketime.jp/brands/1531/
osaka,6,國乃長,くにのちょう,3.25,大阪,寿酒造,1375,https://www.saketime.jp/brands/1534/
osaka,7,天野酒,あまのさけ,3.24,大阪,西條合資会社,1400,https://www.saketime.jp/brands/1524/
osaka,7,千利休,せんのりきゅう,3.24,大阪,有限会社利休蔵,1210,https://www.saketime.jp/brands/5368/
osaka,9,清鶴,きよつる,3.22,大阪,清鶴酒造,1067,https://www.saketime.jp/brands/1530/
osaka,10,大門,だいもん,3.18,大阪,大門酒造,1573,https://www.saketime.jp/brands/5620/
osaka,10,しょうのさと 北シリーズ,しょうのさと きたしりーず,3.18,大阪,北庄司酒造店,1815,https://www.saketime.jp/brands/5946/
osaka,12,くらわんか,くらわんか,3.16,大阪,山野酒造,1430,https://www.saketime.jp/brands/5675/
osaka,13,荘の郷,しょうのさと,3.12,大阪,北庄司酒造店,1595,https://www.saketime.jp/brands/1521/
osaka,13,浪花正宗,なにわまさむね,3.12,大阪,浪花酒造,1815,https://www.saketime.jp/brands/1525/
osaka,13,三輪福,みわふく,3.12,大阪,井坂酒造場,1310,https://www.saketime.jp/brands/2676/
osaka,16,元朝,がんちょう,3.08,大阪,元朝,1430,https://www.saketime.jp/brands/2863/
osaka,16,冨士正,ふじまさ,3.08,大阪,藤本雅一酒造醸,,https://www.saketime.jp/brands/2872/
osaka,16,いのまなり（井真成）,いのまなり,3.08,大阪,藤本雅一酒造醸,,https://www.saketime.jp/brands/4775/
osaka,19,百天満天,ひゃくてんまんてん,3.07,大阪,山野酒造,,https://www.saketime.jp/brands/7484/
osaka,19,玉瑞,たまみず,3.07,大阪,藤本雅一酒造醸,,https://www.saketime.jp/brands/4776/
hyogo,1,播州一献,ばんしゅういっこん,4.18,兵庫,山陽盃酒造,1320,https://www.saketime.jp/brands/1595/
hyogo,2,龍力,たつりき,3.91,兵庫,本田商店,1430,https://www.saketime.jp/brands/1566/
hyogo,3,奥播磨,おくはりま,3.89,兵庫,下村酒造店,1493,https://www.saketime.jp/brands/1568/
hyogo,4,仙介,せんすけ,3.87,兵庫,泉酒造,1595,https://www.saketime.jp/brands/1592/
hyogo,5,菊正宗,きくまさむね,3.76,兵庫,菊正宗酒造,1021,https://www.saketime.jp/brands/1539/
hyogo,6,香住鶴,かすみつる,3.74,兵庫,香住鶴,1380,https://www.saketime.jp/brands/1569/
hyogo,7,白鷹,はくたか,3.69,兵庫,白鷹,1320,https://www.saketime.jp/brands/1552/
hyogo,8,福寿,ふくじゅ,3.65,兵庫,神戸酒心館,1258,https://www.saketime.jp/brands/1542/
hyogo,8,雪彦山,せっぴこさん,3.65,兵庫,壺坂酒造,1265,https://www.saketime.jp/brands/2938/
hyogo,10,都美人,みやこびじん,3.63,兵庫,都美人酒造,1595,https://www.saketime.jp/brands/1601/
hyogo,11,奥丹波,おくたんば,3.61,兵庫,山名酒造,1650,https://www.saketime.jp/brands/1571/
hyogo,12,琥泉,こせん,3.60,兵庫,泉酒造,1320,https://www.saketime.jp/brands/2903/
hyogo,12,盛典,せいてん,3.60,兵庫,岡田本家,1448,https://www.saketime.jp/brands/2884/
hyogo,12,百黙,ひゃくもく,3.60,兵庫,菊正宗酒造,2500,https://www.saketime.jp/brands/4936/
hyogo,15,白鶴,はくつる,3.59,兵庫,白鶴酒造,1034,https://www.saketime.jp/brands/1543/
hyogo,15,来楽,らいらく,3.59,兵庫,茨木酒造,1650,https://www.saketime.jp/brands/2881/
hyogo,17,純青,じゅんせい,3.55,兵庫,富久錦,1540,https://www.saketime.jp/brands/5364/
hyogo,17,大黒正宗,だいこくまさむね,3.55,兵庫,安福又四郎商店,,https://www.saketime.jp/brands/1591/
hyogo,19,大関,おおぜき,3.53,兵庫,大関,1111,https://www.saketime.jp/brands/1545/
hyogo,19,QA（クエ）,くえ,3.53,兵庫,三宅酒造,,https://www.saketime.jp/brands/6410/
kyoto,1,玉川,たまがわ,4.08,京都,木下酒造,1320,https://www.saketime.jp/brands/1441/
kyoto,2,澤屋まつもと,さわやまつもと,4.06,京都,松本酒造,1265,https://www.saketime.jp/brands/1437/
kyoto,3,神蔵,かぐら,4.03,京都,松井酒造,1628,https://www.saketime.jp/brands/1445/
kyoto,4,日日,にちにち,4.01,京都,日々醸造,1782,https://www.saketime.jp/brands/6316/
kyoto,5,蒼空,そうくう,3.80,京都,藤岡酒造,5800,https://www.saketime.jp/brands/1431/
kyoto,6,白木久,しらきく,3.69,京都,白杉酒造,1650,https://www.saketime.jp/brands/1426/
kyoto,7,英勲,えいくん,3.67,京都,齊藤酒造,1078,https://www.saketime.jp/brands/1411/
kyoto,8,弥栄鶴,やさかつる,3.60,京都,竹野酒造,1199,https://www.saketime.jp/brands/1449/
kyoto,9,月桂冠,げっけいかん,3.58,京都,月桂冠,1084,https://www.saketime.jp/brands/1410/
kyoto,10,十石,じっこく,3.56,京都,松山酒造,1815,https://www.saketime.jp/brands/7390/
kyoto,11,城陽,じょうよう,3.55,京都,城陽酒造,1595,https://www.saketime.jp/brands/1475/
kyoto,11,BLACK SWAN,ぶらっくすわん,3.55,京都,白杉酒造,1705,https://www.saketime.jp/brands/5377/
kyoto,13,玉乃光,たまのひかり,3.54,京都,玉乃光酒造,1013,https://www.saketime.jp/brands/1415/
kyoto,14,脱兎,だっと,3.49,京都,羽田酒造,1375,https://www.saketime.jp/brands/5136/
kyoto,15,徳次郎,とくじろう,3.48,京都,城陽酒造,1595,https://www.saketime.jp/brands/3392/
kyoto,16,松竹梅,しょうちくばい,3.46,京都,宝酒造,1089,https://www.saketime.jp/brands/1404/
kyoto,17,黄桜,きざくら,3.45,京都,黄桜酒造,1002,https://www.saketime.jp/brands/1405/
kyoto,17,神聖,しんせい,3.45,京都,山本本家,1019,https://www.saketime.jp/brands/1435/
kyoto,19,伊根満開,いねまんかい,3.44,京都,向井酒造,1375,https://www.saketime.jp/brands/3482/
kyoto,20,Ice Breaker,アイスブレーカー,3.43,京都,木下酒造,1430,https://www.saketime.jp/brands/2857/
shiga,1,不老泉,ふろうせん,4.20,滋賀,上原酒造,1298,https://www.saketime.jp/brands/1365/
shiga,2,七本鎗,しちほんやり,4.03,滋賀,冨田酒造,1100,https://www.saketime.jp/brands/1366/
shiga,2,北島,きたじま,4.03,滋賀,北島酒造,1518,https://www.saketime.jp/brands/3779/
shiga,4,笑四季,えみしき,4.00,滋賀,笑四季酒造,1760,https://www.saketime.jp/brands/1346/
shiga,5,松の司,まつのつかさ,3.95,滋賀,松瀬酒造,2750,https://www.saketime.jp/brands/1355/
shiga,6,SENSATION,センセーション,3.93,滋賀,笑四季酒造,3245,https://www.saketime.jp/brands/4481/
shiga,7,三連星,さんれんせい,3.87,滋賀,美冨久酒造,1100,https://www.saketime.jp/brands/1384/
shiga,8,喜楽長,きらくちょう,3.76,滋賀,喜多酒造,1320,https://www.saketime.jp/brands/1367/
shiga,9,杣の天狗,そまのてんぐ,3.75,滋賀,上原酒造,1733,https://www.saketime.jp/brands/1399/
shiga,10,浪乃音,なみのおと,3.72,滋賀,浪乃音酒造,1265,https://www.saketime.jp/brands/1368/
shiga,11,萩乃露,はぎのつゆ,3.70,滋賀,福井弥平商店,1595,https://www.saketime.jp/brands/1362/
shiga,12,浅茅生,あさじお,3.64,滋賀,平井商店,1210,https://www.saketime.jp/brands/1371/
shiga,13,美富久,みふく,3.63,滋賀,美冨久酒造,,https://www.saketime.jp/brands/1374/
shiga,14,神開,しんかい,3.62,滋賀,藤本酒造,1650,https://www.saketime.jp/brands/1372/
shiga,15,雨垂れ石を穿つ,あまだれいしをうがつ,3.61,滋賀,福井弥平商店,1100,https://www.saketime.jp/brands/6351/
shiga,16,唯々,ただただ,3.54,滋賀,竹内酒造,3410,https://www.saketime.jp/brands/3782/
shiga,16,旭日,きょくじつ,3.54,滋賀,藤居本家,1705,https://www.saketime.jp/brands/1357/
shiga,18,大治郎,だいじろう,3.53,滋賀,畑酒造,1540,https://www.saketime.jp/brands/1354/
shiga,18,金亀,きんかめ,3.53,滋賀,岡村本家,1265,https://www.saketime.jp/brands/1375/
shiga,20,初桜,はつざくら,3.52,滋賀,安井酒造,1200,https://www.saketime.jp/brands/1351/
nara,1,みむろ杉,みむろすぎ,4.31,奈良,今西酒造,3000,https://www.saketime.jp/brands/1496/
nara,2,風の森,かぜのもり,4.16,奈良,油長酒造,1430,https://www.saketime.jp/brands/1492/
nara,3,篠峯,しのみね,4.03,奈良,千代酒造,1375,https://www.saketime.jp/brands/1510/
nara,4,花巴,はなともえ,3.97,奈良,美吉野醸造,1650,https://www.saketime.jp/brands/1512/
nara,4,春鹿,はるしか,3.97,奈良,今西清兵衛商店,1705,https://www.saketime.jp/brands/1482/
nara,6,大倉,おおくら,3.80,奈良,大倉本家,1375,https://www.saketime.jp/brands/1508/
nara,7,百楽門,ひゃくらくもん,3.59,奈良,葛城酒造,1320,https://www.saketime.jp/brands/1490/
nara,8,梅乃宿,うめのやど,3.58,奈良,梅乃宿酒造,1375,https://www.saketime.jp/brands/1493/
nara,9,櫛羅,くじら,3.55,奈良,千代酒造,1540,https://www.saketime.jp/brands/1511/
nara,9,今西,いまにし,3.55,奈良,今西酒造,1834,https://www.saketime.jp/brands/4992/
nara,9,Unfeigned SAKE,アンフェインド・サケ,3.55,奈良,梅乃宿酒造,3080,https://www.saketime.jp/brands/6371/
nara,12,八咫烏,やたがらす,3.49,奈良,北岡本店,1782,https://www.saketime.jp/brands/1500/
nara,13,KURAMOTO,くらもと,3.48,奈良,倉本酒造,1793,https://www.saketime.jp/brands/6192/
nara,14,鷹長,たかちょう,3.46,奈良,油長酒造,4950,https://www.saketime.jp/brands/1517/
nara,14,金鼓,きんこ,3.46,奈良,大倉本家,1137,https://www.saketime.jp/brands/1507/
nara,16,生酛のどぶ,きもとのどぶ,3.40,奈良,久保本家酒造,3960,https://www.saketime.jp/brands/2946/
nara,16,豊祝,ほうしゅく,3.40,奈良,奈良豊澤酒造,1260,https://www.saketime.jp/brands/4791/
nara,18,睡龍,すいりゅう,3.38,奈良,久保本家酒造,1413,https://www.saketime.jp/brands/1504/
nara,19,S 風の森,エス かぜのもり,3.34,奈良,油長酒造,,https://www.saketime.jp/brands/12671/
nara,20,五神,ごしん,3.31,奈良,五條酒造,1986,https://www.saketime.jp/brands/1506/
nara,20,黒松稲天,くろまついなてん,3.31,奈良,稲田酒造,2750,https://www.saketime.jp/brands/1505/
wakayama,1,紀土,きっど,4.09,和歌山,平和酒造,1045,https://www.saketime.jp/brands/1643/
wakayama,2,黒牛,くろうし,3.88,和歌山,名手酒造店,1232,https://www.saketime.jp/brands/1627/
wakayama,3,龍神丸,りゅうじんまる,3.76,和歌山,高垣酒造,6600,https://www.saketime.jp/brands/1637/
wakayama,4,車坂,くるまざか,3.68,和歌山,吉村秀雄商店,1155,https://www.saketime.jp/brands/1632/
wakayama,5,超久,ちょうきゅう,3.43,和歌山,中野ＢＣ,1485,https://www.saketime.jp/brands/1645/
wakayama,6,南方,みなかた,3.31,和歌山,世界一統,1430,https://www.saketime.jp/brands/3549/
wakayama,7,雑賀,さいか,3.30,和歌山,九重雜賀,1540,https://www.saketime.jp/brands/1616/
wakayama,7,平和どぶろく,へいわどぶろく,3.30,和歌山,平和酒造,,https://www.saketime.jp/brands/7552/
wakayama,9,喜楽里,きらり,3.27,和歌山,高垣酒造,1050,https://www.saketime.jp/brands/1639/
wakayama,10,太平洋,たいへいよう,3.25,和歌山,尾崎酒造,1078,https://www.saketime.jp/brands/1625/
wakayama,11,紀伊国屋文左衛門,きのくにやぶんざえもん,3.20,和歌山,中野ＢＣ,1039,https://www.saketime.jp/brands/1644/
wakayama,12,羅生門,らしょうもん,3.14,和歌山,田端酒造,11123,https://www.saketime.jp/brands/1611/
wakayama,13,流霞,ながれかすみ,3.11,和歌山,高垣酒造,,https://www.saketime.jp/brands/1640/
wakayama,13,初桜,はつさくら,3.11,和歌山,初桜酒造,1200,https://www.saketime.jp/brands/1619/
wakayama,15,兆久,ちょうきゅう,3.10,和歌山,中野ＢＣ,1760,https://www.saketime.jp/brands/5494/
wakayama,15,根来桜,ねごろざくら,3.10,和歌山,吉村秀雄商店,1300,https://www.saketime.jp/brands/5617/
wakayama,15,本紀土,ほんきっど,3.10,和歌山,平和酒造,1408,https://www.saketime.jp/brands/7375/
wakayama,18,紀ノ酒,きのさけ,3.09,和歌山,高垣酒造,1371,https://www.saketime.jp/brands/1638/
wakayama,18,錦郷,きんきょう,3.09,和歌山,九重雜賀,2420,https://www.saketime.jp/brands/3393/
wakayama,20,日本城,にほんじょう,3.08,和歌山,吉村秀雄商店,1155,https://www.saketime.jp/brands/1618/
okayama,1,御前酒,ごぜんしゅ,3.84,岡山,辻本店,1375,https://www.saketime.jp/brands/1679/
okayama,2,多賀治,たかじ,3.80,岡山,十八盛酒造,3520,https://www.saketime.jp/brands/3733/
okayama,3,冬の月,ふゆのつき,3.71,岡山,嘉美心酒造,1870,https://www.saketime.jp/brands/4877/
okayama,4,嘉美心,かみこころ,3.68,岡山,嘉美心酒造,1250,https://www.saketime.jp/brands/1659/
okayama,5,桃の里,もものさと,3.58,岡山,赤磐酒造,1290,https://www.saketime.jp/brands/1652/
okayama,6,大典白菊,たいてんしらぎく,3.50,岡山,白菊酒造,1060,https://www.saketime.jp/brands/1670/
okayama,7,十八盛,じゅうはちざかり,3.49,岡山,十八盛酒造,1474,https://www.saketime.jp/brands/1688/
okayama,8,竹林,ちくりん,3.48,岡山,丸本酒造,1650,https://www.saketime.jp/brands/1666/
okayama,9,伊七,いしち,3.46,岡山,熊屋酒造,1067,https://www.saketime.jp/brands/3050/
okayama,10,燦然,さんぜん,3.45,岡山,菊池酒造,1450,https://www.saketime.jp/brands/1684/
okayama,10,神心,かみこころ,3.45,岡山,嘉美心酒造,1337,https://www.saketime.jp/brands/4941/
okayama,10,酒一筋,さけひとすじ,3.45,岡山,利守酒造,1749,https://www.saketime.jp/brands/1653/
okayama,13,GOZENSHU9,ごぜんしゅ  ナイン,3.35,岡山,辻本店,,https://www.saketime.jp/brands/4595/
okayama,13,三冠,さんかん,3.35,岡山,三冠酒造,1705,https://www.saketime.jp/brands/4879/
okayama,15,大正の鶴,たいしょうのつる,3.34,岡山,落酒造場,1180,https://www.saketime.jp/brands/1686/
okayama,16,極聖,きわみひじり,3.30,岡山,宮下酒造,1265,https://www.saketime.jp/brands/1648/
okayama,17,喜平,きへい,3.28,岡山,平喜酒造,1030,https://www.saketime.jp/brands/1685/
okayama,18,庵,あん,3.25,岡山,熊屋酒造,1477,https://www.saketime.jp/brands/5156/
okayama,19,櫻室町（桜室町）,さくらむろまち,3.21,岡山,室町酒造,1298,https://www.saketime.jp/brands/1654/
okayama,20,三光天賦,さんこうてんぷ,3.20,岡山,三光正宗,3960,https://www.saketime.jp/brands/1693/
hiroshima,1,雨後の月,うごのつき,4.09,広島,相原酒造,1430,https://www.saketime.jp/brands/1734/
hiroshima,2,賀茂金秀,かもきんしゅう,4.08,広島,金光酒造,1595,https://www.saketime.jp/brands/1736/
hiroshima,3,宝剣,ほうけん,3.98,広島,宝剣酒造,1540,https://www.saketime.jp/brands/1699/
hiroshima,4,富久長,ふくちょう,3.80,広島,今田酒造本店,1540,https://www.saketime.jp/brands/1719/
hiroshima,5,亀齢,きれい,3.75,広島,亀齢酒造,1200,https://www.saketime.jp/brands/1710/
hiroshima,6,華鳩,はなはと,3.73,広島,榎酒造,1023,https://www.saketime.jp/brands/1701/
hiroshima,7,天寶一,てんぽういち,3.71,広島,天寶一,1265,https://www.saketime.jp/brands/1725/
hiroshima,7,龍勢,りゅうせい,3.71,広島,藤井酒造,1540,https://www.saketime.jp/brands/1718/
hiroshima,9,西條鶴,さいじょうつる,3.68,広島,西條鶴酒造,1683,https://www.saketime.jp/brands/1711/
hiroshima,10,誠鏡,せいきょう,3.61,広島,中尾醸造,1210,https://www.saketime.jp/brands/1720/
hiroshima,11,白鴻,はくこう,3.60,広島,盛川酒造,1404,https://www.saketime.jp/brands/1724/
hiroshima,12,神雷,しんらい,3.56,広島,三輪酒造,1501,https://www.saketime.jp/brands/2692/
hiroshima,13,本洲一,ほんしゅういち,3.53,広島,梅田酒造場,1179,https://www.saketime.jp/brands/1737/
hiroshima,14,UGO,うご,3.50,広島,相原酒造,1980,https://www.saketime.jp/brands/6394/
hiroshima,15,賀茂鶴,かもつる,3.49,広島,賀茂鶴酒造,1320,https://www.saketime.jp/brands/1709/
hiroshima,16,醉心,すいしん,3.48,広島,酔心山根本店,1450,https://www.saketime.jp/brands/1722/
hiroshima,17,竹鶴,たけつる,3.47,広島,竹鶴酒造,1320,https://www.saketime.jp/brands/1715/
hiroshima,17,元平,もとひら,3.47,広島,相原酒造,,https://www.saketime.jp/brands/7374/
hiroshima,19,千福,せんぷく,3.41,広島,三宅本店,1011,https://www.saketime.jp/brands/1702/
hiroshima,20,美和桜,みわさくら,3.40,広島,美和桜酒造,1180,https://www.saketime.jp/brands/1730/
tottori,1,千代むすび,ちよむすび,3.87,鳥取,千代むすび酒造,1518,https://www.saketime.jp/brands/1758/
tottori,2,日置桜,ひおきざくら,3.60,鳥取,山根酒造場,1460,https://www.saketime.jp/brands/1750/
tottori,3,諏訪泉,すわいずみ,3.59,鳥取,諏訪酒造,1617,https://www.saketime.jp/brands/1749/
tottori,4,辨天娘,べんてんむすめ,3.52,鳥取,太田酒造場,1415,https://www.saketime.jp/brands/1764/
tottori,5,山陰東郷,さんいんとうごう,3.48,鳥取,福羅酒造,5687,https://www.saketime.jp/brands/1755/
tottori,6,鷹勇,たかいさみ,3.46,鳥取,大谷酒造,1595,https://www.saketime.jp/brands/1757/
tottori,7,稲田姫,いなたひめ,3.41,鳥取,稲田本店,1265,https://www.saketime.jp/brands/1772/
tottori,8,応援之酒 冨玲,フレー！,3.38,鳥取,梅津酒造,,https://www.saketime.jp/brands/1751/
tottori,9,久米桜,くめざくら,3.36,鳥取,久米櫻酒造,7700,https://www.saketime.jp/brands/1759/
tottori,10,梅津の生酛,うめつのきもと,3.28,鳥取,梅津酒造,1705,https://www.saketime.jp/brands/5916/
tottori,11,此君,しくん,3.27,鳥取,高田酒造,1760,https://www.saketime.jp/brands/4907/
tottori,12,八潮,やしお,3.18,鳥取,中井酒造,1153,https://www.saketime.jp/brands/1763/
tottori,13,-THE FUKURA- 福羅,ふくら,3.17,鳥取,福羅酒造,1485,https://www.saketime.jp/brands/6404/
tottori,13,瑞泉,ずいせん,3.17,鳥取,高田酒造場,1007,https://www.saketime.jp/brands/1748/
tottori,15,星取,ほしとり,3.16,鳥取,福羅酒造,1153,https://www.saketime.jp/brands/6280/
tottori,16,いくす（IKU’S）,いくす,3.13,鳥取,稲田本店,,https://www.saketime.jp/brands/5332/
tottori,17,元帥,げんすい,3.12,鳥取,元帥酒造,1980,https://www.saketime.jp/brands/1765/
tottori,18,いなば鶴,いなばつる,3.11,鳥取,中川酒造,1775,https://www.saketime.jp/brands/1747/
tottori,18,しゅわっと空,しゅわっとそら,3.11,鳥取,千代むすび酒造,1650,https://www.saketime.jp/brands/3008/
tottori,20,秀峰 岩泉,しゅうほう いわいずみ,3.09,鳥取,大岩酒造本店,,https://www.saketime.jp/brands/1768/
shimane,1,王祿,おうろく,4.12,島根,王祿酒造,,https://www.saketime.jp/brands/1798/
shimane,2,天穏,てんおん,4.04,島根,板倉酒造,1430,https://www.saketime.jp/brands/3039/
shimane,3,月山,がっさん,3.98,島根,吉田酒造,1320,https://www.saketime.jp/brands/1779/
shimane,4,出雲富士,いずもふじ,3.92,島根,富士酒造,1716,https://www.saketime.jp/brands/1784/
shimane,5,丈径,たけみち,3.65,島根,王祿酒造,,https://www.saketime.jp/brands/3016/
shimane,6,李白,りはく,3.61,島根,李白酒造,1047,https://www.saketime.jp/brands/1777/
shimane,6,智則,とものり,3.61,島根,吉田酒造,2145,https://www.saketime.jp/brands/3018/
shimane,8,十旭日,じゅうじあさひ,3.60,島根,旭日酒造,1980,https://www.saketime.jp/brands/1781/
shimane,8,七冠馬,ななかんば,3.60,島根,簸上清酒,1397,https://www.saketime.jp/brands/3041/
shimane,8,玉櫻,たまざくら,3.60,島根,玉櫻酒造,1485,https://www.saketime.jp/brands/1788/
shimane,11,溪,けい,3.59,島根,王祿酒造,,https://www.saketime.jp/brands/4622/
shimane,12,誉池月,ほまれいけづき,3.49,島根,池月酒造,1520,https://www.saketime.jp/brands/1786/
shimane,13,ヤマサン正宗,やまさんまさむね,3.48,島根,酒持田本店,1448,https://www.saketime.jp/brands/1782/
shimane,14,開春,かいしゅん,3.46,島根,若林酒造,1600,https://www.saketime.jp/brands/1785/
shimane,15,意宇,おう,3.44,島根,王祿酒造,,https://www.saketime.jp/brands/4623/
shimane,16,豊の秋,とよのあき,3.40,島根,米田酒造,1293,https://www.saketime.jp/brands/1776/
shimane,16,扶桑鶴,ふそうづる,3.40,島根,桑原酒場,1841,https://www.saketime.jp/brands/1799/
shimane,18,死神,しにがみ,3.38,島根,加茂福酒造,3100,https://www.saketime.jp/brands/3025/
shimane,19,理八,りはち,3.33,島根,田部竹下酒造,1650,https://www.saketime.jp/brands/12353/
shimane,20,奥出雲前綿屋,おくいずもまえわたや,3.29,島根,田部竹下酒造,,https://www.saketime.jp/brands/7359/
yamaguchi,1,金雀,きんすずめ,4.49,山口,堀江酒場,9800,https://www.saketime.jp/brands/1828/
yamaguchi,2,東洋美人,とうようびじん,4.30,山口,澄川酒造場,1375,https://www.saketime.jp/brands/1821/
yamaguchi,3,Ohmine (大嶺),おおみね,4.26,山口,大嶺酒造,2200,https://www.saketime.jp/brands/1848/
yamaguchi,4,天美,てんび,4.23,山口,長州酒造,1815,https://www.saketime.jp/brands/5873/
yamaguchi,5,獺祭,だっさい,4.12,山口,株式会社 獺祭,1717,https://www.saketime.jp/brands/1805/
yamaguchi,6,和可娘,わかむすめ,4.07,山口,新谷酒造,,https://www.saketime.jp/brands/1837/
yamaguchi,7,雁木,がんぎ,4.06,山口,八百新酒造,1405,https://www.saketime.jp/brands/1825/
yamaguchi,8,五橋,ごきょう,3.95,山口,酒井酒造,1430,https://www.saketime.jp/brands/1803/
yamaguchi,9,貴,たか,3.88,山口,永山本家酒造場,1630,https://www.saketime.jp/brands/1819/
yamaguchi,10,長陽福娘,ちょうようふくむすめ,3.86,山口,岩崎酒造,1416,https://www.saketime.jp/brands/1835/
yamaguchi,11,原田,はらだ,3.83,山口,はつもみぢ,1650,https://www.saketime.jp/brands/1838/
yamaguchi,12,長門峡,ちょうもんきょう,3.82,山口,岡崎酒造場,1299,https://www.saketime.jp/brands/1818/
yamaguchi,13,five（五）,ファイブ,3.79,山口,酒井酒造,1375,https://www.saketime.jp/brands/3505/
yamaguchi,14,ride?,ライド？,3.69,山口,酒井酒造,1760,https://www.saketime.jp/brands/12432/
yamaguchi,15,三好,みよし,3.59,山口,阿武の鶴酒造,1815,https://www.saketime.jp/brands/5001/
yamaguchi,15,ゆきおんな,ゆきおんな,3.59,山口,大嶺酒造,,https://www.saketime.jp/brands/5933/
yamaguchi,17,中島屋,なかしまや,3.54,山口,中島屋酒造場,1540,https://www.saketime.jp/brands/1834/
yamaguchi,18,阿武の鶴,あぶのつる,3.51,山口,阿武の鶴酒造,,https://www.saketime.jp/brands/1852/
yamaguchi,18,ROOM,ルーム,3.51,山口,八千代酒造,1849,https://www.saketime.jp/brands/5497/
yamaguchi,20,鷹ノ目（TAKANOME）,たかのめ,3.48,山口,はつもみぢ,,https://www.saketime.jp/brands/6060/
kagawa,1,悦凱陣,よろこびがいじん,4.02,香川,丸尾本店,2167,https://www.saketime.jp/brands/1861/
kagawa,2,川鶴,かわつる,3.91,香川,川鶴酒造,1348,https://www.saketime.jp/brands/1863/
kagawa,3,讃岐くらうでぃ,さぬきくらうでぃ,3.86,香川,川鶴酒造,1280,https://www.saketime.jp/brands/3753/
kagawa,4,金陵,きんりょう,3.75,香川,西野金陵,1012,https://www.saketime.jp/brands/1866/
kagawa,5,綾菊,あやきく,3.42,香川,綾菊酒造,1602,https://www.saketime.jp/brands/1864/
kagawa,6,月中天,げっちゅうてん,3.15,香川,西野金陵,1650,https://www.saketime.jp/brands/4876/
kagawa,6,誉凱陣,ほまれがいじん,3.15,香川,丸尾本店,4334,https://www.saketime.jp/brands/3630/
kagawa,8,金戎,きんえびす,3.13,香川,西野金陵,,https://www.saketime.jp/brands/3648/
kagawa,9,国重,くにしげ,3.12,香川,綾菊酒造,2310,https://www.saketime.jp/brands/4637/
kagawa,10,小豆島の輝,しょうどしまのかがやき,3.09,香川,森國酒造,2172,https://www.saketime.jp/brands/5402/
kagawa,11,勇心,ゆうしん,3.07,香川,勇心酒造,1320,https://www.saketime.jp/brands/3151/
kagawa,11,びびび。,びびび。,3.07,香川,森國酒造,1684,https://www.saketime.jp/brands/3618/
kagawa,13,ふわふわ。,ふわふわ。,3.05,香川,森國酒造,5500,https://www.saketime.jp/brands/3146/
kagawa,13,ふふふ。,ふふふ。,3.05,香川,森國酒造,,https://www.saketime.jp/brands/3617/
kagawa,13,うとうと。,うとうと。,3.05,香川,森國酒造,5060,https://www.saketime.jp/brands/3145/
kagawa,13,讃美,さんび,3.05,香川,川鶴酒造,,https://www.saketime.jp/brands/4973/
kagawa,17,はちはち,はちはち,3.04,香川,森國酒造,1346,https://www.saketime.jp/brands/5403/
kagawa,18,恋のしずく,こいのしずく,3.03,香川,森國酒造,,https://www.saketime.jp/brands/3620/
kagawa,18,ホシガジョウノソラ,ほしがじょうのそら,3.03,香川,森國酒造,,https://www.saketime.jp/brands/5404/
kagawa,18,小豆島にオリーブの花の咲くころ･･･,しょうどしまにオリーブのはながさくころ,3.03,香川,森國酒造,,https://www.saketime.jp/brands/6365/
tokushima,1,三芳菊,みよしきく,3.82,徳島,三芳菊酒造,1375,https://www.saketime.jp/brands/1919/
tokushima,2,鳴門鯛,なるとたい,3.78,徳島,本家松浦酒造場,1188,https://www.saketime.jp/brands/1910/
tokushima,2,旭若松,あさひわかまつ,3.78,徳島,那賀酒造,3325,https://www.saketime.jp/brands/1918/
tokushima,4,芳水,ほうすい,3.36,徳島,芳水酒造,1146,https://www.saketime.jp/brands/1916/
tokushima,5,高柿木,たかがき,3.31,徳島,芳水酒造,1760,https://www.saketime.jp/brands/1920/
tokushima,6,喜来,きらい,3.22,徳島,司菊酒造,,https://www.saketime.jp/brands/4658/
tokushima,7,御殿桜,ごてんざくら,3.14,徳島,斎藤酒造場,1100,https://www.saketime.jp/brands/1907/
tokushima,8,瓢太閤,ひさごたいこう,3.13,徳島,太閤酒造場,1430,https://www.saketime.jp/brands/1917/
tokushima,9,水ト米,みずとこめ,3.12,徳島,本家松浦酒造場,1280,https://www.saketime.jp/brands/5810/
tokushima,9,今小町,いまこまち,3.12,徳島,中和商店,3300,https://www.saketime.jp/brands/1914/
tokushima,11,土蜘蛛,つちぐも,3.11,徳島,本家松浦酒造場,,https://www.saketime.jp/brands/5333/
tokushima,12,穴吹川,あなぶきがわ,3.07,徳島,司菊酒造,1760,https://www.saketime.jp/brands/4659/
tokushima,12,穰,ゆたか,3.07,徳島,中和商店,,https://www.saketime.jp/brands/4660/
tokushima,14,阿波天水,あわてんすい,3.06,徳島,太閤酒造場,1760,https://www.saketime.jp/brands/5817/
tokushima,15,眉山,びざん,3.05,徳島,吉本醸造,1320,https://www.saketime.jp/brands/1909/
tokushima,15,己道,こどう,3.05,徳島,太閤酒造場,1485,https://www.saketime.jp/brands/5816/
tokushima,15,綾音,あやね,3.05,徳島,三芳菊酒造,2200,https://www.saketime.jp/brands/6329/
tokushima,15,胡春,こはる,3.05,徳島,三芳菊酒造,1430,https://www.saketime.jp/brands/6331/
tokushima,19,津乃峰,つのみね,3.04,徳島,津乃峰酒造,,https://www.saketime.jp/brands/1912/
tokushima,19,勢玉,せいぎょく,3.04,徳島,勢玉,,https://www.saketime.jp/brands/3132/
tokushima,19,阿波美人,あわびじん,3.04,徳島,津乃峰酒造,1930,https://www.saketime.jp/brands/3134/
tokushima,19,上勝,かみかつ,3.04,徳島,本家松浦酒造場,1650,https://www.saketime.jp/brands/6276/
tokushima,19,織絵,おりえ,3.04,徳島,三芳菊酒造,1650,https://www.saketime.jp/brands/6330/
ehime,1,石鎚,いしづち,3.94,愛媛,石鎚酒造,1650,https://www.saketime.jp/brands/1877/
ehime,2,伊予賀儀屋,かぎや,3.89,愛媛,成龍酒造,1210,https://www.saketime.jp/brands/1895/
ehime,3,寿喜心,すきごころ,3.50,愛媛,首藤酒造,1046,https://www.saketime.jp/brands/1878/
ehime,4,山丹正宗,やまたんまさむね,3.46,愛媛,八木酒造部,1265,https://www.saketime.jp/brands/1875/
ehime,5,梅錦,うめにしき,3.45,愛媛,梅錦山川,1079,https://www.saketime.jp/brands/1880/
ehime,5,川亀,かわかめ,3.45,愛媛,川亀酒造,1514,https://www.saketime.jp/brands/1894/
ehime,7,成龍然,せいりょうぜん,3.39,愛媛,成龍酒造,1650,https://www.saketime.jp/brands/5934/
ehime,8,初雪盃,はつゆきはい,3.36,愛媛,協和酒造,1100,https://www.saketime.jp/brands/1876/
ehime,9,京ひな,きょうひな,3.35,愛媛,酒六酒造,1815,https://www.saketime.jp/brands/1883/
ehime,10,媛一会,ひめいちえ,3.33,愛媛,武田酒造,1265,https://www.saketime.jp/brands/3192/
ehime,11,雪雀,ゆきすずめ,3.32,愛媛,雪雀酒造,1188,https://www.saketime.jp/brands/1873/
ehime,12,華姫桜,はなひめさくら,3.28,愛媛,近藤酒造,1100,https://www.saketime.jp/brands/4858/
ehime,13,城川郷,しろかわごう,3.25,愛媛,中城本家酒造,1540,https://www.saketime.jp/brands/1901/
ehime,13,日本心,やまとごころ,3.25,愛媛,武田酒造,1034,https://www.saketime.jp/brands/3191/
ehime,15,仁喜多津,にきたつ,3.22,愛媛,水口酒造,1319,https://www.saketime.jp/brands/1871/
ehime,16,千代の亀,ちよのかめ,3.21,愛媛,千代の亀酒造,1540,https://www.saketime.jp/brands/1882/
ehime,17,風の里,かぜのさと,3.15,愛媛,養老酒造,1430,https://www.saketime.jp/brands/1903/
ehime,17,尾根越えて,おねこえて,3.15,愛媛,中城本家酒造,1540,https://www.saketime.jp/brands/3186/
ehime,19,一刀両断,いっとうりょうだん,3.13,愛媛,酒六酒造,1067,https://www.saketime.jp/brands/4643/
ehime,19,酒仙栄光,しゅせんえいこう,3.13,愛媛,栄光酒造,1045,https://www.saketime.jp/brands/1900/
ehime,19,桜うづまき,さくらうづまき,3.13,愛媛,桜うづまき酒造,1045,https://www.saketime.jp/brands/1902/
ehime,19,小富士,こふじ,3.13,愛媛,島田酒造,1210,https://www.saketime.jp/brands/1893/
ehime,19,咲くら,さくら,3.13,愛媛,桜うづまき酒造,,https://www.saketime.jp/brands/5470/
kochi,1,亀泉,かめいずみ,4.28,高知,亀泉酒造,1705,https://www.saketime.jp/brands/1927/
kochi,2,桂月,けいげつ,4.02,高知,土佐酒造,1199,https://www.saketime.jp/brands/1926/
kochi,3,美丈夫,びじょうふ,3.99,高知,浜川商店,1300,https://www.saketime.jp/brands/1935/
kochi,4,久礼,くれ,3.97,高知,西岡酒造店,1485,https://www.saketime.jp/brands/1942/
kochi,5,文佳人,ぶんかじん,3.93,高知,アリサワ,1430,https://www.saketime.jp/brands/1930/
kochi,6,酔鯨,すいげい,3.91,高知,酔鯨酒造,1199,https://www.saketime.jp/brands/1925/
kochi,7,土佐しらぎく,とさしらぎく,3.90,高知,仙頭酒造場,1375,https://www.saketime.jp/brands/1933/
kochi,8,南,みなみ,3.76,高知,南酒造場,1036,https://www.saketime.jp/brands/1938/
kochi,9,司牡丹,つかさぼたん,3.59,高知,司牡丹酒造,1100,https://www.saketime.jp/brands/1924/
kochi,10,豊の梅（豊能梅）,とよのうめ,3.56,高知,高木酒造,1310,https://www.saketime.jp/brands/1931/
kochi,11,安芸虎,あきとら,3.53,高知,有光酒造場,1650,https://www.saketime.jp/brands/1940/
kochi,12,船中八策,せんちゅうはっさく,3.52,高知,司牡丹酒造,1529,https://www.saketime.jp/brands/3196/
kochi,13,土佐鶴,とさつる,3.45,高知,土佐鶴酒造,1476,https://www.saketime.jp/brands/1932/
kochi,14,無手無冠,むてむか,3.36,高知,無手無冠,1034,https://www.saketime.jp/brands/1945/
kochi,15,山に雲が,やまにくもが,3.31,高知,川澤酒造,1955,https://www.saketime.jp/brands/12623/
kochi,16,美潮,みしお,3.27,高知,仙頭酒造場,2200,https://www.saketime.jp/brands/5503/
kochi,17,土佐金蔵,とさきんぞう,3.21,高知,高木酒造,1524,https://www.saketime.jp/brands/5457/
kochi,18,慎太郎,しんたろう,3.17,高知,浜川商店,1485,https://www.saketime.jp/brands/3469/
kochi,19,瀧嵐,たきあらし,3.16,高知,高知酒造,1045,https://www.saketime.jp/brands/1923/
kochi,20,四万十川,しまんとがわ,3.15,高知,菊水酒造,1034,https://www.saketime.jp/brands/2452/
fukuoka,1,若波,わかなみ,4.18,福岡,若波酒造,2680,https://www.saketime.jp/brands/2007/
fukuoka,2,田中六五,たなかろくじゅうご,4.08,福岡,白糸酒造,1914,https://www.saketime.jp/brands/2006/
fukuoka,3,庭のうぐいす,にわのうぐいす,3.98,福岡,山口酒造場,1705,https://www.saketime.jp/brands/1956/
fukuoka,4,山の壽,やまのことぶき,3.89,福岡,山の壽酒造,1420,https://www.saketime.jp/brands/3223/
fukuoka,5,三井の寿,みいのことぶき,3.77,福岡,井上合名,1732,https://www.saketime.jp/brands/1952/
fukuoka,5,繁桝,しげます,3.77,福岡,高橋商店,1265,https://www.saketime.jp/brands/1970/
fukuoka,7,蒼田,そうでん,3.47,福岡,喜多屋,1046,https://www.saketime.jp/brands/3216/
fukuoka,7,池亀,いけかめ,3.47,福岡,池亀酒造,1320,https://www.saketime.jp/brands/1962/
fukuoka,9,喜多屋,きたや,3.46,福岡,喜多屋,1320,https://www.saketime.jp/brands/1982/
fukuoka,9,杜の蔵,もりのくら,3.46,福岡,杜の蔵,,https://www.saketime.jp/brands/2002/
fukuoka,9,白糸,しらいと,3.46,福岡,白糸酒造,1424,https://www.saketime.jp/brands/1947/
fukuoka,12,蜻蛉,とんぼ,3.45,福岡,若波酒造,1480,https://www.saketime.jp/brands/1986/
fukuoka,13,独楽蔵,こまぐら,3.44,福岡,杜の蔵,2750,https://www.saketime.jp/brands/1980/
fukuoka,14,寒北斗,かんほくと,3.43,福岡,寒北斗酒造,1450,https://www.saketime.jp/brands/1995/
fukuoka,15,旭菊,あさひきく,3.40,福岡,旭菊酒造,1320,https://www.saketime.jp/brands/1961/
fukuoka,16,黒兜,くろかぶと,3.37,福岡,池亀酒造,1485,https://www.saketime.jp/brands/3237/
fukuoka,17,美田,びでん,3.34,福岡,井上合名,1733,https://www.saketime.jp/brands/1985/
fukuoka,18,若竹屋,わかたけや,3.33,福岡,若竹屋酒造場,1320,https://www.saketime.jp/brands/1959/
fukuoka,19,LIBROM,りぶろむ,3.31,福岡,LIBROM Craft Sake Brewery,2600,https://www.saketime.jp/brands/7541/
fukuoka,20,綾花,あやか,3.28,福岡,旭菊酒造,1710,https://www.saketime.jp/brands/3208/
saga,1,鍋島,なべしま,4.23,佐賀,富久千代酒造,1980,https://www.saketime.jp/brands/2025/
saga,2,光栄菊,こうえいぎく,4.22,佐賀,光栄菊酒造,1980,https://www.saketime.jp/brands/3256/
saga,3,七田,しちだ,4.06,佐賀,天山酒造,1567,https://www.saketime.jp/brands/2024/
saga,4,能古見,のごみ,3.93,佐賀,馬場酒造場,1400,https://www.saketime.jp/brands/2013/
saga,5,東鶴,あずまつる,3.92,佐賀,東鶴酒造,1220,https://www.saketime.jp/brands/2034/
saga,6,天吹,あまぶき,3.88,佐賀,天吹酒造,1320,https://www.saketime.jp/brands/2011/
saga,7,東一,あずまいち,3.85,佐賀,五町田酒造,1320,https://www.saketime.jp/brands/2016/
saga,8,肥前蔵心,ひぜんくらごころ,3.84,佐賀,矢野酒造,1480,https://www.saketime.jp/brands/2018/
saga,9,基峰鶴,きほうつる,3.66,佐賀,基山商店,1485,https://www.saketime.jp/brands/2028/
saga,10,前,さき,3.65,佐賀,古伊万里酒造,1485,https://www.saketime.jp/brands/2036/
saga,11,東長,あずまちょう,3.57,佐賀,瀬頭酒造,1100,https://www.saketime.jp/brands/2031/
saga,12,天山,てんざん,3.51,佐賀,天山酒造,1568,https://www.saketime.jp/brands/2010/
saga,12,日下無双（天吹酒造）,ひのしたむそう,3.51,佐賀,天吹酒造,1799,https://www.saketime.jp/brands/5901/
saga,14,光武,みつたけ,3.47,佐賀,光武酒造場,1485,https://www.saketime.jp/brands/4676/
saga,15,竹の園,たけのその,3.46,佐賀,矢野酒造,1210,https://www.saketime.jp/brands/2017/
saga,16,古伊万里,こいまり,3.45,佐賀,古伊万里酒造,1375,https://www.saketime.jp/brands/2035/
saga,17,万齢,まんれい,3.39,佐賀,小松酒造,1595,https://www.saketime.jp/brands/2032/
saga,18,松浦一,まつうらいち,3.36,佐賀,松浦一酒造,1528,https://www.saketime.jp/brands/2026/
saga,19,岩の蔵,いわのくら,3.35,佐賀,天山酒造,,https://www.saketime.jp/brands/3267/
saga,20,幸姫,さちひめ,3.34,佐賀,幸姫酒造,1623,https://www.saketime.jp/brands/2012/
nagasaki,1,よこやま,ヨコヤマ,4.31,長崎,重家酒造,1639,https://www.saketime.jp/brands/5487/
nagasaki,2,飛鸞,ひらん,4.22,長崎,森酒造場,1815,https://www.saketime.jp/brands/3283/
nagasaki,3,横山五十,よこやま50,3.95,長崎,重家酒造,1986,https://www.saketime.jp/brands/3486/
nagasaki,4,福田,ふくだ,3.72,長崎,福田酒造,1925,https://www.saketime.jp/brands/3292/
nagasaki,5,福海,ふくうみ,3.62,長崎,福田酒造,1925,https://www.saketime.jp/brands/12394/
nagasaki,6,六十餘洲,ろくじゅうよしゅう,3.60,長崎,今里酒造,1122,https://www.saketime.jp/brands/2037/
nagasaki,7,杵の川,きのかわ,3.25,長崎,杵の川酒造,1045,https://www.saketime.jp/brands/5053/
nagasaki,8,梅ヶ枝,うめがえ,3.24,長崎,梅ヶ枝酒造,1074,https://www.saketime.jp/brands/5034/
nagasaki,9,FIRAND 夢名酒,ふぃらんど むめいしゅ,3.21,長崎,森酒造場,1320,https://www.saketime.jp/brands/5923/
nagasaki,10,萬勝,ばんしょう,3.16,長崎,吉田屋,1580,https://www.saketime.jp/brands/2044/
nagasaki,10,BLACK JACK,ブラックジャック,3.16,長崎,森酒造場,1760,https://www.saketime.jp/brands/6309/
nagasaki,12,福鶴,ふくつる,3.13,長崎,福田酒造,1595,https://www.saketime.jp/brands/2041/
nagasaki,12,いきなはからい,いきなはからい,3.13,長崎,重家酒造,,https://www.saketime.jp/brands/6195/
nagasaki,14,本陣,ほんじん,3.12,長崎,潜龍酒造,1441,https://www.saketime.jp/brands/3289/
nagasaki,14,長崎美人,ながさきびじん,3.12,長崎,福田酒造,2970,https://www.saketime.jp/brands/3291/
nagasaki,16,白嶽,しらたけ,3.09,長崎,河内酒造,1410,https://www.saketime.jp/brands/2045/
nagasaki,17,はねぎ搾り,はねぎしぼり,3.08,長崎,吉田屋,1580,https://www.saketime.jp/brands/5716/
nagasaki,17,あい娘,あいむすめ,3.08,長崎,あい娘酒造,,https://www.saketime.jp/brands/3275/
nagasaki,19,みずの光彩,みずのきらめき,3.07,長崎,潜龍酒造,1628,https://www.saketime.jp/brands/4678/
nagasaki,20,普賢岳,ふげんだけ,3.06,長崎,山崎本店酒造場,1500,https://www.saketime.jp/brands/3280/
kumamoto,1,産土,うぶすな,4.43,熊本,花の香酒造,1780,https://www.saketime.jp/brands/6243/
kumamoto,2,花の香,はなのか,4.04,熊本,花の香酒造,3380,https://www.saketime.jp/brands/2073/
kumamoto,3,花雪,はなゆき,3.65,熊本,河津酒造,1027,https://www.saketime.jp/brands/4913/
kumamoto,4,香露,こうろ,3.49,熊本,熊本県酒造研究所,1400,https://www.saketime.jp/brands/2066/
kumamoto,5,亀萬,かめまん,3.40,熊本,亀萬酒造,1300,https://www.saketime.jp/brands/2072/
kumamoto,6,れいざん,れいざん,3.39,熊本,山村酒造,1100,https://www.saketime.jp/brands/2069/
kumamoto,7,泰斗,たいと,3.37,熊本,千代の園酒造,,https://www.saketime.jp/brands/5155/
kumamoto,8,千代の園,ちよのその,3.35,熊本,千代の園酒造,1400,https://www.saketime.jp/brands/2067/
kumamoto,9,瑞鷹,ずいよう,3.33,熊本,瑞鷹酒造,1080,https://www.saketime.jp/brands/2064/
kumamoto,10,産山村,うぶやまむら,3.31,熊本,千代の園酒造,,https://www.saketime.jp/brands/4892/
kumamoto,11,美少年,びしょうねん,3.22,熊本,美少年酒造,,https://www.saketime.jp/brands/2065/
kumamoto,12,九曜正宗,くようまさむね,3.21,熊本,熊本県酒造研究所,,https://www.saketime.jp/brands/7633/
kumamoto,13,神田,じんでん,3.19,熊本,花の香酒造,2244,https://www.saketime.jp/brands/4688/
kumamoto,14,七歩蛇,しちほだ,3.18,熊本,河津酒造,2090,https://www.saketime.jp/brands/4915/
kumamoto,15,通潤,つうじゅん,3.16,熊本,通潤酒造,1155,https://www.saketime.jp/brands/3301/
kumamoto,16,蝉,せみ,3.14,熊本,通潤酒造,1760,https://www.saketime.jp/brands/4846/
kumamoto,16,PLUS 9,プラスナイン,3.14,熊本,亀萬酒造,,https://www.saketime.jp/brands/6382/
kumamoto,18,秋水,しゅうすい,3.12,熊本,河津酒造,1430,https://www.saketime.jp/brands/4967/
kumamoto,19,朱盃,しゅはい,3.09,熊本,千代の園酒造,1100,https://www.saketime.jp/brands/2068/
kumamoto,20,萬坊,まんぼう,3.07,熊本,亀萬酒造,1980,https://www.saketime.jp/brands/4687/
kumamoto,20,熊本神力,くまもとしんりき,3.07,熊本,千代の園酒造,,https://www.saketime.jp/brands/4686/
kumamoto,20,菜々,さいさい,3.07,熊本,瑞鷹酒造,1518,https://www.saketime.jp/brands/7586/
kumamoto,20,花火,はなび,3.07,熊本,花の香酒造,1430,https://www.saketime.jp/brands/5481/
kumamoto,20,紫乃茘枝,ユカリノライチ,3.07,熊本,河津酒造,,https://www.saketime.jp/brands/12660/
oita,1,ちえびじん,ちえびじん,4.04,大分,中野酒造,1540,https://www.saketime.jp/brands/2063/
oita,2,豊潤,ほうじゅん,3.38,大分,小松酒造場,1549,https://www.saketime.jp/brands/2062/
oita,2,百合仕込み,ゆりじこみ,3.38,大分,井上酒造,1540,https://www.saketime.jp/brands/12387/
oita,4,和香牡丹,わかぼたん,3.36,大分,三和酒類,1706,https://www.saketime.jp/brands/2730/
oita,5,八鹿,やつしか,3.34,大分,八鹿酒造,1100,https://www.saketime.jp/brands/2058/
oita,6,花笑み,はなえみ,3.33,大分,大地酒造,1560,https://www.saketime.jp/brands/5554/
oita,7,鷹来屋,たかきや,3.30,大分,濱嶋酒造,1210,https://www.saketime.jp/brands/2054/
oita,8,薫長,くんちょう,3.29,大分,クンチョウ酒造,1265,https://www.saketime.jp/brands/2060/
oita,9,西の関,にしのせき,3.26,大分,萱島酒造,1030,https://www.saketime.jp/brands/2047/
oita,10,一の井手,いちのいで,3.19,大分,久家本店,1080,https://www.saketime.jp/brands/2057/
oita,11,KUNISAKI,くにさき,3.18,大分,萱島酒造,2589,https://www.saketime.jp/brands/4955/
oita,12,久住千羽鶴,くじゅうせんばづる,3.15,大分,佐藤酒造,1763,https://www.saketime.jp/brands/2055/
oita,13,角の井,かくのい,3.13,大分,井上酒造,1450,https://www.saketime.jp/brands/2046/
oita,14,丹誠,たんせい,3.11,大分,丹誠酒類,,https://www.saketime.jp/brands/2053/
oita,15,倉光,そうこう,3.10,大分,倉光酒造,1550,https://www.saketime.jp/brands/3317/
oita,16,山水,さんすい,3.07,大分,老松酒造,1155,https://www.saketime.jp/brands/3329/
oita,17,玄亀,げんかめ,3.05,大分,亀の井酒造合資会社,3410,https://www.saketime.jp/brands/5051/
oita,17,イモリ谷,いもりだに,3.05,大分,中野酒造,3190,https://www.saketime.jp/brands/5240/
oita,19,華鷹,はなたか,3.04,大分,濱嶋酒造,1760,https://www.saketime.jp/brands/4683/
oita,19,宗麟,そうりん,3.04,大分,小手川酒造,1466,https://www.saketime.jp/brands/4685/
oita,19,龍梅,りゅうばい,3.04,大分,藤居酒造,1430,https://www.saketime.jp/brands/3322/
oita,19,ゆすら桃,ゆすらうめ,3.04,大分,丹誠酒類,,https://www.saketime.jp/brands/4682/
miyazaki,1,千徳,せんとく,3.45,宮崎,千徳酒造,1150,https://www.saketime.jp/brands/2074/
miyazaki,2,夢の中まで,ゆめのなかまで,3.25,宮崎,千徳酒造,2400,https://www.saketime.jp/brands/2075/
miyazaki,3,御神水源どぶろく,ごしんすいげんどぶろく,3.07,宮崎,まろうど酒造 (高千穂ムラたび),4980,https://www.saketime.jp/brands/7562/
miyazaki,4,菊初御代,きくはつみよ,3.06,宮崎,雲海酒造,1650,https://www.saketime.jp/brands/5181/
miyazaki,4,はじまり,はじまり,3.06,宮崎,千徳酒造,,https://www.saketime.jp/brands/4690/
miyazaki,4,舞,まい,3.06,宮崎,千徳酒造,1375,https://www.saketime.jp/brands/6285/
miyazaki,7,初御代,はつみよ,3.05,宮崎,雲海酒造,1650,https://www.saketime.jp/brands/5180/
miyazaki,7,蔵人の夢,くらびとのゆめ,3.05,宮崎,千徳酒造,,https://www.saketime.jp/brands/5434/
miyazaki,9,恋のしずく,こいのしずく,3.04,宮崎,千徳酒造,,https://www.saketime.jp/brands/6061/
miyazaki,9,零度のめざめ,れいどのめざめ,3.04,宮崎,千徳酒造,,https://www.saketime.jp/brands/7533/
miyazaki,11,向洋,こうよう,3.03,宮崎,千徳酒造,7000,https://www.saketime.jp/brands/5432/
miyazaki,11,はなかぐら,はなかぐら,3.03,宮崎,千徳酒造,1479,https://www.saketime.jp/brands/5433/
miyazaki,11,蔵の真心,くらのまごころ,3.03,宮崎,千徳酒造,,https://www.saketime.jp/brands/3333/
miyazaki,11,登喜一,ときいち,3.03,宮崎,雲海酒造,,https://www.saketime.jp/brands/12606/
miyazaki,15,綾錦,あやにしき,3.02,宮崎,雲海酒造,,https://www.saketime.jp/brands/2076/
miyazaki,16,我楽,がらく,3.01,宮崎,雲海酒造,,https://www.saketime.jp/brands/3387/
kagoshima,1,天賦,てんぶ,4.11,鹿児島,西酒造株式会社　日本酒蔵,2178,https://www.saketime.jp/brands/5871/
kagoshima,2,薩州正宗,さっしゅうまさむね,3.17,鹿児島,濵田酒造,1439,https://www.saketime.jp/brands/4878/
okinawa,1,美ら酒,ちゅらさき,3.17,沖縄,泰石酒造,,https://www.saketime.jp/brands/5917/
okinawa,2,黎明,れいめい,3.12,沖縄,泰石酒造,1870,https://www.saketime.jp/brands/2077/
